Id,weight
116.189.188.203,0.006246159611304392
235.92.48.79,0.006311214666030694
174.180.184.41,0.006416480760621902
71.50.188.66,0.006451853609817603
12.99.78.71,0.006232559701498103
248.142.24.28,0.006390704908959602
23.155.14.218,0.0066369455311572
124.16.181.229,0.006252358267757004
246.14.57.42,0.006386295994344808
15.42.17.122,0.006178201276835599
